date,temp_min,temp_max,humidity,pressure,wind_speed,precipitation,day_of_year,month,day
2024-03-21 12:01:38.234824,6.490142459033698,11.938327422654533,82.04126377857236,1017.5816383735124,8.258429650585832,0.5054326549630213,81,3,21
2024-03-22 12:01:38.234824,4.757340658044793,9.782525459608383,71.48411876299312,1014.73244237949,11.765735213261829,1.2225754297699063,82,3,22
2024-03-23 12:01:38.234824,7.287281730529535,12.4826339276272,85.13392620142231,1017.9900505492983,15.00971351305422,0.4741145219464216,83,3,23
2024-03-24 12:01:38.234824,10.085286241456615,13.539266673745681,82.33632373783473,998.5187231090315,11.184014589468944,1.0345420566187717,84,3,24
2024-03-25 12:01:38.234824,4.985564143853191,10.034584492371076,81.23275477770109,1023.4418735239036,6.412350813894447,0.6436283964535804,85,3,25
2024-03-26 12:01:38.234824,5.1572371165269235,11.153233699017823,84.83941841841973,1012.3020518592241,11.333808004660423,0.06423406851299852,86,3,26
2024-03-27 12:01:38.234824,10.768655420996524,18.670942636586606,88.2207886205433,1018.5409140836875,13.589894459936954,1.163712057990887,87,3,27
2024-03-28 12:01:38.234824,8.504384636452254,15.422926288622667,84.92682477424546,1007.8004703643724,8.170651287041853,0.03437708089506855,88,3,28
2024-03-29 12:01:38.234824,4.964364563327791,14.270729478350905,70.60627788598623,1016.0638695253128,9.597948499981246,0.38174992294642346,89,3,29
2024-03-30 12:01:38.234824,8.170768337400705,11.636073211624606,73.36256847959545,1007.7329221841317,10.044064584187591,0.0766555051037578,90,3,30
2024-03-31 12:01:38.234824,5.322678363377389,12.067319636818745,76.58030924664283,1009.8811551965209,7.64530506075328,0.005887836307241013,91,3,31
2024-04-01 12:01:38.234824,5.485077837721672,10.851761849198375,79.77296736841419,1022.570156769334,11.944841301531577,0.2741203428218688,92,4,1
2024-04-02 12:01:38.234824,7.776931813384294,17.15653767981964,82.16309670168391,1012.0465879961832,9.637155554176655,0.17480760959518882,93,4,2
2024-04-03 12:01:38.234824,1.4793743960682608,4.862777825357957,75.87257157937657,1014.0871643658986,11.258597331721083,0.3327664871115796,94,4,3
2024-04-04 12:01:38.234824,2.211974162520402,5.53253047815885,80.35583486004441,1017.3503386534437,7.3375234665937,0.4304278785462037,95,4,4
2024-04-05 12:01:38.234824,5.866670363438952,9.66788507255091,75.56004161033894,1015.4784094398631,8.687625099029768,0.02236223312795628,96,4,5
2024-04-06 12:01:38.234824,4.681088214337783,5.43329676571817,76.18859253412323,1013.7520945257179,12.167144073483314,0.06562602194234074,97,4,6
2024-04-07 12:01:38.234824,8.827566326591912,12.776056283230389,72.11639828285968,1014.8248050123311,8.881500543724698,0.4089499198641233,98,4,7
2024-04-08 12:01:38.234824,5.325140019999257,8.80687469689186,74.43138528405342,1025.0170779261914,15.180891553700215,0.21016300809552896,99,4,8
2024-04-09 12:01:38.234824,3.9757855129177697,9.276573085870186,72.18133203343984,1012.711906014832,8.801091443156192,0.6531384192807291,100,4,9
2024-04-10 12:01:38.234824,12.772175302705794,18.455687254260113,73.94698008537027,1014.0054952335748,10.674054177255657,0.5281956106258551,101,4,10
2024-04-11 12:01:38.234824,7.8594323203041085,16.61177399873588,83.97556796930216,1018.2532719800381,12.79777249561927,0.9341184497486841,102,4,11
2024-04-12 12:01:38.234824,8.899830042970503,15.800677719342604,73.83583378390378,1018.52762966479,5.7449028012009045,0.5896284320513487,103,4,12
2024-04-13 12:01:38.234824,4.582389503795699,8.428582192470893,91.6147013009967,1018.9351515278018,4.717573564057672,0.2809990043020031,104,4,13
2024-04-14 12:01:38.234824,7.381731718484182,10.584902375787467,80.78387526975018,1016.1936511101459,5.423031056289716,0.5588465205528075,105,4,14
2024-04-15 12:01:38.234824,9.504703795252766,15.488542138265778,79.10053336526443,1007.2849754363476,13.787752310281547,0.16105475999006463,106,4,15
2024-04-16 12:01:38.234824,5.874775193237403,8.234308779196118,73.73824478173161,1021.1671576615055,8.344425562322659,0.18286757394049724,107,4,16
2024-04-17 12:01:38.234824,10.609387472441123,19.27230500414983,81.3799213274301,1007.2682730349065,17.674597857004755,0.7779134079251586,108,4,17
2024-04-18 12:01:38.234824,7.8335866392720925,15.192466880714665,74.84322329949389,1014.5131773261952,8.307257204027835,0.2956740644578376,109,4,18
2024-04-19 12:01:38.234824,8.912257151778054,12.973905847568645,78.16925076724456,1009.2286207499033,10.55365390959111,0.8006861151346732,110,4,19
2024-04-20 12:01:38.234824,8.13263566491158,9.706366606729826,90.19221047827618,1012.679308267035,14.626329857703627,0.8641737171109364,111,4,20
2024-04-21 12:01:38.234824,15.643543992047857,23.35128874037868,76.73892081915663,1014.6438120515174,16.018278664477368,0.9744254161289727,112,4,21
2024-04-22 12:01:38.234824,10.1936643994417,14.964584708936464,82.78791705345456,1014.6067860772514,16.184510729909192,1.2422647754965885,113,4,22
2024-04-23 12:01:38.234824,7.206918928515297,14.68255155246222,73.34294862146622,1015.1096037711765,13.625098691779428,0.28192443534990463,114,4,23
2024-04-24 12:01:38.234824,12.991987867985763,14.803132550397029,76.49617298428659,1021.0685563452932,13.072187577434388,0.1919987120715736,115,4,24
2024-04-25 12:01:38.234824,7.004486612998108,10.805736567090563,85.33246329332863,1015.2676715075698,11.777580847603549,0.43637471492504165,116,4,25
2024-04-26 12:01:38.234824,11.434593519552273,16.44508091898864,73.14608658122552,1011.7792168235468,12.335083228499913,0.23194909148629497,117,4,26
2024-04-27 12:01:38.234824,5.0682564979683065,10.16221768549779,85.14080202664107,1017.8204358414417,8.3464428510144,0.4594898805376317,118,4,27
2024-04-28 12:01:38.234824,7.100210554455971,11.200079611497483,79.41019185632034,1018.9473524446232,7.545403349733078,0.6113839361847305,119,4,28
2024-04-29 12:01:38.234824,11.811051192016047,18.056751056711043,72.84726819406993,1006.861960924315,9.989876627767144,0.5830255353370436,120,4,29
2024-04-30 12:01:38.234824,13.569722748888005,16.434481890122814,78.60517038526089,1015.9870003492493,9.489446132425215,0.23464425212038995,121,4,30
2024-05-01 12:01:38.234824,12.000400453919726,16.715641483877135,80.08485742134914,1016.5058637115545,8.640315852018174,0.09127691290240819,122,5,1
2024-05-02 12:01:38.234824,11.269401335258062,16.50999259868186,78.10557783517736,1011.5121824832,12.089162342370146,0.2815240067989305,123,5,2
2024-05-03 12:01:38.234824,10.84112510156159,16.870002769679086,66.91540348060985,1019.8785340665581,12.865915625711532,0.07692194749305026,124,5,3
2024-05-04 12:01:38.234824,7.434961701134389,13.858191457312168,70.89646461624697,1012.2497220648373,10.265220658875542,1.1040787202685334,125,5,4
2024-05-05 12:01:38.234824,9.835050645332345,12.585766461656606,73.0558745431017,1013.6278822673577,14.432590243165786,0.21223028808697003,126,5,5
2024-05-06 12:01:38.234824,10.734649909938383,12.66642156846714,73.67838233788291,1012.1346408785806,6.574932657599485,0.08388975176259995,127,5,6
2024-05-07 12:01:38.234824,15.407807061615872,22.96316070541289,76.90682825261284,1013.0778952379073,9.419021622160846,0.01288857719833833,128,5,7
2024-05-08 12:01:38.234824,13.38502509834524,19.04965312230442,74.44080078560005,1007.518624565524,7.849533038191585,0.5189783790103036,129,5,8
2024-05-09 12:01:38.234824,7.180600410877352,10.683627337764245,66.62038616573523,1005.7997455870285,4.40039014878082,0.50654169149841,130,5,9
2024-05-10 12:01:38.234824,13.555309992970008,21.657613944015054,74.93896917260406,1020.9725253161249,9.751957942471902,0.2082156335553708,131,5,10
2024-05-11 12:01:38.234824,11.538901427590428,16.770250696176145,75.82791716744966,1008.7651932584083,9.634757474850149,0.03720656488813726,132,5,11
2024-05-12 12:01:38.234824,10.772192509789878,18.13078687791753,75.30716369936012,1008.0430382527185,14.540349229726393,0.2635019740558731,133,5,12
2024-05-13 12:01:38.234824,14.744485434090377,19.8795223969106,77.64163165314758,1002.2330494319814,11.892435053664332,0.18641486276414165,134,5,13
2024-05-14 12:01:38.234824,16.106609449234618,25.228105298998592,76.13322906086285,1009.8051912615525,6.927439527012385,0.5652382615793508,135,5,14
2024-05-15 12:01:38.234824,15.909230947422206,24.419912632308616,73.98186386870955,1006.3845510329625,15.562277699002564,0.4654221230029178,136,5,15
2024-05-16 12:01:38.234824,10.697112963356226,15.199184666398079,71.0540172965425,1021.2100758006818,13.66310108657606,0.22674534327944587,137,5,16
2024-05-17 12:01:38.234824,12.384069136104435,19.327211038013147,62.81554406556093,1018.0490854467132,11.746293110405848,0.12288157461212414,138,5,17
2024-05-18 12:01:38.234824,14.399974350555473,20.69072624972577,72.98064750878257,1009.5592482741114,9.320547703450504,2.212925154682265,139,5,18
2024-05-19 12:01:38.234824,16.424806296642355,24.16206941170705,71.57999260866299,1024.2621790267215,7.121682289829561,0.3025696362326469,140,5,19
2024-05-20 12:01:38.234824,12.15011686922216,15.22026994806195,71.60532242854534,1017.908827434958,8.883379671786841,0.5828157192596624,141,5,20
2024-05-21 12:01:38.234824,13.117586617304518,19.489689537301395,63.56652289904207,1011.3758430824569,13.266245859112558,0.07573304104734127,142,5,21
2024-05-22 12:01:38.234824,10.439912129424345,17.55676110312352,64.24487213318307,1000.5029714256322,15.653758917803827,0.3323670411344603,143,5,22
2024-05-23 12:01:38.234824,10.252055227191622,11.734576254345393,74.61294860982457,1024.4547128629538,14.629730584816567,0.013961481211462656,144,5,23
2024-05-24 12:01:38.234824,16.357390931778077,18.990873906446527,68.84366830936283,1006.052137666182,8.533451734641178,0.352058684735351,145,5,24
2024-05-25 12:01:38.234824,18.065028782234904,18.986564426714704,72.1405281259844,1004.7730062652155,6.641147700132967,1.6623599942560743,146,5,25
2024-05-26 12:01:38.234824,13.854107763285358,18.31529409439624,68.56360929657409,1018.1128521600482,10.422658740733612,0.24242197239737098,147,5,26
2024-05-27 12:01:38.234824,17.15187857552941,23.586963087121333,68.25729526467867,1025.1987620316963,4.694681903311445,0.019888360387391568,148,5,27
2024-05-28 12:01:38.234824,15.294620952309248,23.299335056501306,72.48402802049574,1019.9213640925526,10.969503142554345,0.015722522362918268,149,5,28
2024-05-29 12:01:38.234824,12.340057571976594,17.488247132816145,64.8941706547225,1015.8195456002618,9.557192241103994,0.24550068131504074,150,5,29
2024-05-30 12:01:38.234824,15.422559104754493,23.679790195897073,67.63456866136744,1015.9737717083265,8.601890494395274,0.08719153692556543,151,5,30
2024-05-31 12:01:38.234824,19.012670278816863,21.25246736238708,64.52003893983189,1017.2670777939015,5.215890798199614,0.011814538540600281,152,5,31
2024-06-01 12:01:38.234824,14.348485756941571,15.941720878231262,64.33436055707803,1016.7946429489339,11.540800319709149,0.7057314520714553,153,6,1
2024-06-02 12:01:38.234824,19.204496130393554,24.093400732600315,64.63447927015575,1014.4059571198469,8.401897481014267,0.30672735222690767,154,6,2
2024-06-03 12:01:38.234824,6.703112953649823,12.471243851528438,66.96267557083554,1013.5210055197593,6.490249492869136,0.1707135864146678,155,6,3
2024-06-04 12:01:38.234824,17.07700535184868,22.011615855660494,63.128196353632,1012.6870343605024,1.383213360155052,1.1517086346607717,156,6,4
2024-06-05 12:01:38.234824,14.918540581263063,15.78365638118331,71.4690165692636,1009.2301770556667,9.91745528484809,0.06172771174893266,157,6,5
2024-06-06 12:01:38.234824,13.803617167117467,18.625377088091888,60.3839579308212,1011.5966246156661,15.316754790009233,1.5608612740704872,158,6,6
2024-06-07 12:01:38.234824,15.01628688133071,17.407347880321005,63.58795548935897,1004.535215929023,14.98377764364361,0.18841456774526313,159,6,7
2024-06-08 12:01:38.234824,8.81577667125389,15.155121768913967,61.9876376278901,1012.5083018660263,8.628711230241183,1.096433567784054,160,6,8
2024-06-09 12:01:38.234824,14.154049039203558,19.88724553139725,71.08392106118526,1008.0570444642455,8.193363818914658,0.46183756034238616,161,6,9
2024-06-10 12:01:38.234824,15.916075882056163,19.036316309401453,64.49340369098644,1007.4820534139211,11.40632276822507,0.876386775688192,162,6,10
2024-06-11 12:01:38.234824,19.30717655816441,23.279442723491023,68.33041039940586,1013.8994707557674,7.0048436824351255,2.067994798000141,163,6,11
2024-06-12 12:01:38.234824,13.344514296052589,16.226087252274684,55.403004039156,1019.960011431723,10.905375699458398,0.17012348244930584,164,6,12
2024-06-13 12:01:38.234824,12.496741285499759,17.371383090953415,63.82483660708208,1017.5915830300115,12.298240835154072,1.6238368329798274,165,6,13
2024-06-14 12:01:38.234824,13.436907938185911,20.347192579188388,66.59578091140045,1005.1474969818842,13.680799671652924,0.24672366484581093,166,6,14
2024-06-15 12:01:38.234824,17.70539631457801,20.733944221906924,62.216452146997945,1008.0518593171483,9.699537770560141,0.2434828616049801,167,6,15
2024-06-16 12:01:38.234824,15.959503060060609,21.967596091096297,66.78930447328831,1017.703855939941,9.388978749469102,0.2080510688152398,168,6,16
2024-06-17 12:01:38.234824,13.395073600254525,17.334558363509647,58.531897551510205,1008.0875630323085,7.366052239730317,0.3897967484469401,169,6,17
2024-06-18 12:01:38.234824,16.532302411736904,19.946556747212217,67.82118281877139,1011.8768342500149,7.51935893788042,0.0837036899559433,170,6,18
2024-06-19 12:01:38.234824,15.288917667843029,20.074856947933913,71.92481256682069,1015.7502604951228,9.32056332429542,0.4033948211457837,171,6,19
2024-06-20 12:01:38.234824,17.90584236896057,20.83535772412182,58.271877963726595,1008.1582777256818,11.102096520448534,0.39012089404475636,172,6,20
2024-06-21 12:01:38.234824,12.893007304915322,16.785708694220958,57.51428147149596,1013.5268775307298,12.74075387869975,0.7175360691532479,173,6,21
2024-06-22 12:01:38.234824,14.012476367080268,16.61672058190257,66.66451628865035,1006.329872525409,7.590463147958966,0.8968305238542267,174,6,22
2024-06-23 12:01:38.234824,13.812472696453863,22.74192296228664,66.95143296220493,1009.9931617802439,14.478065706878565,0.29030346577253274,175,6,23
2024-06-24 12:01:38.234824,10.588626764257565,15.659153868201022,56.095530875247334,1014.5989096707127,9.186629196872294,0.18000686241447333,176,6,24
2024-06-25 12:01:38.234824,15.85494984873543,19.45549883275026,56.26553800791226,1005.0350313323416,9.935898116954691,0.15010335452106865,177,6,25
2024-06-26 12:01:38.234824,15.734218927546644,21.162178749015087,56.614674181040044,1015.202373689802,7.75836496255653,0.10822291355506095,178,6,26
2024-06-27 12:01:38.234824,14.947908862601526,19.723252763219868,50.959055452918605,1012.9018110053665,2.7272792191811757,0.029687978904190403,179,6,27
2024-06-28 12:01:38.234824,14.207379239809107,18.76544004074266,52.746446136895095,1015.7624497720857,12.65213618908315,0.20961569920849488,180,6,28
2024-06-29 12:01:38.234824,10.640663676172164,16.868997076259014,51.97818819934661,1014.1195706703234,12.2105316912773,0.1575250533525845,181,6,29
2024-06-30 12:01:38.234824,13.597545531342227,20.112560951436837,52.81997966443698,1019.8207021498692,9.15601732864536,1.6968733912148304,182,6,30
2024-07-01 12:01:38.234824,13.801121970219514,17.740119674998457,56.1466085299125,1013.6261225132396,10.200972151674616,0.4078934248270577,183,7,1
2024-07-02 12:01:38.234824,12.389305108790044,16.237668627500685,57.1532625600699,1010.8529722943738,11.547817653112299,0.21330124775855042,184,7,2
2024-07-03 12:01:38.234824,14.276248371325655,18.72614497702237,63.39803785613975,1013.6114875151615,5.3123624293403715,0.4343072618112863,185,7,3
2024-07-04 12:01:38.234824,15.933334536734229,16.32949220726306,50.318402004897855,1015.716490145182,8.412841967961116,0.07494462875107238,186,7,4
2024-07-05 12:01:38.234824,20.337935533872233,22.30755340947513,59.89781071468654,1013.2443003516286,12.38279403886548,0.2935328367214515,187,7,5
2024-07-06 12:01:38.234824,15.158438924137005,22.892187459026054,53.57376967562898,1013.2029584560194,6.237131730492251,0.49206310289100563,188,7,6
2024-07-07 12:01:38.234824,15.359829342041257,23.649764769043827,54.06549770611777,1009.4900415609662,10.880673796499888,0.33559288548973754,189,7,7
2024-07-08 12:01:38.234824,14.313472219005956,18.8154001398932,57.35770130811967,1009.6854954122452,5.930254586129784,0.256897347427876,190,7,8
2024-07-09 12:01:38.234824,8.727302154224592,14.880416080336126,48.04256412040638,1005.9869736410016,11.399289947300579,2.5455206319712302,191,7,9
2024-07-10 12:01:38.234824,14.348069807556557,19.97057011664363,55.24267315255652,1021.7478837159347,9.893075553107549,1.0614450001233984,192,7,10
2024-07-11 12:01:38.234824,14.549504092777394,25.707265709687867,53.839311936040716,1006.7806838230435,5.154604552283471,0.4882937419034039,193,7,11
2024-07-12 12:01:38.234824,21.696965647835654,28.936115470704806,55.14780585009537,1009.5354740110205,13.494218063371514,0.42126156019056843,194,7,12
2024-07-13 12:01:38.234824,13.665824327587565,18.40998914462603,53.81205881420592,1009.407963672154,7.796225269605852,0.4846618216599771,195,7,13
2024-07-14 12:01:38.234824,15.080478287594776,18.169397406393923,64.32564441390336,1017.4746218847222,7.569242688956857,0.11239251629289253,196,7,14
2024-07-15 12:01:38.234824,14.001910991826433,15.78901835131129,48.545727923085344,1011.5252516085399,10.60170759169283,0.2513772608450984,197,7,15
2024-07-16 12:01:38.234824,10.52752391038825,15.934451182122697,48.76717646674124,1019.2387103633687,13.445912048286147,0.020129583182880106,198,7,16
2024-07-17 12:01:38.234824,17.38686135089415,20.874159860325545,47.99673380578391,1009.6325468787807,6.952534543064809,0.3226988145217898,199,7,17
2024-07-18 12:01:38.234824,16.136372324355253,18.291864905159905,48.027959615156654,1014.394970811119,10.185039549543914,0.39156284187648727,200,7,18
2024-07-19 12:01:38.234824,16.1732178808645,19.880072112379445,47.31404292212641,1008.8232647337012,11.286449500991719,0.12922330272947286,201,7,19
2024-07-20 12:01:38.234824,10.988900822709002,13.825804815480213,56.14450932695658,1023.7257456388669,12.079316821789433,1.6625189859498883,202,7,20
2024-07-21 12:01:38.234824,17.839804213307414,26.214087483452545,57.00330014551887,1007.0620079048524,10.529324665831675,1.2009520086993215,203,7,21
2024-07-22 12:01:38.234824,9.337668509121427,16.10094802302033,46.751392288142306,1014.5491035511351,8.898916482750034,0.6403247667618975,204,7,22
2024-07-23 12:01:38.234824,15.213061854931444,20.19711657229821,45.150770968859284,1016.1688844046605,7.517229338053841,0.38112713153296623,205,7,23
2024-07-24 12:01:38.234824,19.930621671616308,27.89050994939636,51.38021861623764,1015.0689954872574,10.258431649139125,1.0199918115913102,206,7,24
2024-07-25 12:01:38.234824,10.29193301184703,15.446669627142267,45.97587029309677,1012.0735617056115,6.7835829640431795,0.07000608453811547,207,7,25
2024-07-26 12:01:38.234824,11.466487325650846,14.743918922994318,51.61882675774301,1012.3508965013328,1.235948549516177,0.7815391457141174,208,7,26
2024-07-27 12:01:38.234824,13.363753558472371,21.410001713011685,49.189386206984935,1013.2190573598956,11.309679412473002,0.06666331477601192,209,7,27
2024-07-28 12:01:38.234824,11.45140167547756,17.52922176284688,40.320158032036865,1012.2649899918575,12.711804523258586,0.7904511335870843,210,7,28
2024-07-29 12:01:38.234824,8.20450825758875,11.130015948935837,55.36409794140024,1017.8193955839746,2.9112026933744843,0.16132144989567132,211,7,29
2024-07-30 12:01:38.234824,12.95452933808849,17.573851981921276,56.337320141730636,1024.0526150079568,6.970807885870188,1.0481538129752246,212,7,30
2024-07-31 12:01:38.234824,9.451974986727112,12.700738479957598,44.02909428298707,1010.2125410749609,11.857462783015594,1.4415777731750818,213,7,31
2024-08-01 12:01:38.234824,13.94744556722563,16.181846105296955,44.893460506359105,1006.1509851021046,16.172486409135097,0.08055171260730479,214,8,1
2024-08-02 12:01:38.234824,9.653947405784548,16.50630250084783,48.0041278022739,1012.5585897582437,10.062381123026224,0.3105766397295583,215,8,2
2024-08-03 12:01:38.234824,16.945378755917496,25.764212036857757,47.99389551744292,1025.8985466882716,7.815991176312597,1.9813261065714856,216,8,3
2024-08-04 12:01:38.234824,9.827009259750909,12.029874112112626,49.36519685142671,1008.9816271601513,9.45131067668548,0.33025039624369057,217,8,4
2024-08-05 12:01:38.234824,11.089651552454752,17.215590025835894,55.878489128542554,1021.1955840272203,14.124629257444553,0.9958894376326063,218,8,5
2024-08-06 12:01:38.234824,14.373363920978786,18.072078782735133,44.701920871452536,1021.3885040703822,8.062107462626393,0.44425452346212496,219,8,6
2024-08-07 12:01:38.234824,8.1151411454683,12.140890377938907,41.35863234503616,1010.2320587914601,7.602423980049239,0.2352658106401821,220,8,7
2024-08-08 12:01:38.234824,12.363018445947727,16.178230597469987,38.221325062500156,1015.8449153959264,8.551769433453902,0.16828460953003796,221,8,8
2024-08-09 12:01:38.234824,15.472991834938137,18.745010295578503,41.2354835188368,1021.1419831156427,7.140014175223863,0.11359027645419319,222,8,9
2024-08-10 12:01:38.234824,6.598097428681955,11.695140684571609,44.501188749627836,1011.1043612950625,10.368010947984386,0.7173185146084777,223,8,10
2024-08-11 12:01:38.234824,11.84152972155526,15.179629488733186,53.42084637811641,1011.9820981994882,14.874035375408681,0.24432052140118796,224,8,11
2024-08-12 12:01:38.234824,11.932494382378549,17.473408033938227,41.645842388208635,1010.0915954302568,10.969237819348088,0.35797813280703106,225,8,12
2024-08-13 12:01:38.234824,13.36170924758116,18.261233028682888,45.1433523004672,1007.9262163465356,9.242939493621137,0.33895737270445453,226,8,13
2024-08-14 12:01:38.234824,7.167000390290488,11.689104296557668,43.73754563213729,1009.75361227467,9.124566193253369,0.43052148058677503,227,8,14
2024-08-15 12:01:38.234824,6.77635283979042,9.961225515707223,49.561668633878824,1006.8802986661888,5.310427573910029,1.0033824089565735,228,8,15
2024-08-16 12:01:38.234824,12.161717320952462,16.008174659815797,56.05926038587804,1013.1704173412961,12.649329331441477,1.9748453956678413,229,8,16
2024-08-17 12:01:38.234824,11.343358405106072,17.854140856757585,40.580062031042914,1009.1501338447068,9.766488408961594,0.26177327012433343,230,8,17
2024-08-18 12:01:38.234824,11.058779032656966,17.060613407905727,40.60198432955227,1014.1689295589538,9.458560259228124,0.8787338709486766,231,8,18
2024-08-19 12:01:38.234824,11.199968538649454,14.244858049052352,48.08978446732529,1005.2205217689818,19.579322703534583,0.7230811982512931,232,8,19
2024-08-20 12:01:38.234824,7.972343969722285,13.171008580580736,46.103312360867434,1014.6544011610723,10.89625872509706,0.4261053979223314,233,8,20
2024-08-21 12:01:38.234824,10.559488162569915,17.062262409313494,51.75739455645856,1017.1676448080447,7.744626849714447,1.5623188325989674,234,8,21
2024-08-22 12:01:38.234824,10.590812496634685,12.252001934391942,45.27868042751275,1003.0313217871427,8.72092721138337,0.11186843585222507,235,8,22
2024-08-23 12:01:38.234824,7.416012681005487,13.502733065765357,40.40298801737117,1014.8702828492378,13.445337127590264,0.057853713909882254,236,8,23
2024-08-24 12:01:38.234824,15.002511376939221,18.677263859047528,44.99840628277688,1019.1383449623664,10.339811231613293,0.961944095446393,237,8,24
2024-08-25 12:01:38.234824,10.671502162430905,16.812699499617224,47.43965410508659,1006.951794906544,5.6851660650479,0.2891507309737382,238,8,25
2024-08-26 12:01:38.234824,5.519649096548272,8.993130783463236,45.85491574657228,1021.3628619341886,12.75768680372561,0.9385569055162966,239,8,26
2024-08-27 12:01:38.234824,10.90556359246616,12.295799391137123,44.150650761164286,1015.0950950468302,7.995567743383019,1.1178849196435585,240,8,27
2024-08-28 12:01:38.234824,5.853034641357689,7.597949765591363,46.81487790406877,1009.474940721208,15.619893328652637,0.0322466443437917,241,8,28
2024-08-29 12:01:38.234824,10.978391118525032,16.074561011847795,47.20069368873809,1012.7211546117114,13.240144197143945,1.0747807940351615,242,8,29
2024-08-30 12:01:38.234824,11.931909863729548,17.451354867172512,48.143247120370354,1015.7916345626086,8.658034313023746,0.29739269933421236,243,8,30
2024-08-31 12:01:38.234824,5.832037867190174,9.023404616981356,44.35979926126422,1013.3800269570621,13.843049085205338,0.3571164541230529,244,8,31
2024-09-01 12:01:38.234824,11.021198797091234,17.298383714645983,40.1700527425871,1015.6937799622318,10.20356653158221,0.49254249604265105,245,9,1
2024-09-02 12:01:38.234824,9.205470973544397,10.882430849006477,41.63423333506151,1008.3966320346032,12.55832102536666,1.3044369797823878,246,9,2
2024-09-03 12:01:38.234824,10.268487231975632,15.136327634680999,46.833891039346895,1013.8468041201804,11.454198451883425,0.009650584682792921,247,9,3
2024-09-04 12:01:38.234824,13.327033875241916,15.905001475717004,36.62303813123895,1005.9314275154751,7.4609300350273795,0.32393728196891164,248,9,4
2024-09-05 12:01:38.234824,6.734057456800747,10.43038524119643,42.46317002987639,1012.4438696932565,8.069350503047614,0.5819307990668292,249,9,5
2024-09-06 12:01:38.234824,5.041848209233658,10.136645551866486,38.57093919369797,1008.480461792676,13.089882452743485,0.6413402087725523,250,9,6
2024-09-07 12:01:38.234824,4.46666586552139,7.745839134953486,40.60495425913045,1009.3223502870512,8.995674003680378,0.589692832855554,251,9,7
2024-09-08 12:01:38.234824,4.51929804303945,8.7501869545798,46.78287610580385,1019.1804658760522,8.78905461027401,0.07218647779765466,252,9,8
2024-09-09 12:01:38.234824,6.5663607290133115,13.578946347442193,41.28130946462733,1018.4565506029713,7.134632261951941,0.17790593565488702,253,9,9
2024-09-10 12:01:38.234824,7.651526053835104,11.497742314788807,40.4990240829476,1016.0456906045359,11.270797196780382,0.22214106120466734,254,9,10
2024-09-11 12:01:38.234824,7.288064367188809,13.959448591319093,33.41443521569308,1007.5384361766371,16.187574757729436,0.8159368813932607,255,9,11
2024-09-12 12:01:38.234824,8.769031521633881,11.509617812318645,43.897721432150306,1011.417957751526,6.797401257237182,0.163391574588316,256,9,12
2024-09-13 12:01:38.234824,6.1555957468506675,12.215204102681234,43.35248929698182,1019.0654884998959,10.072658370018274,0.11830754561812427,257,9,13
2024-09-14 12:01:38.234824,10.305969729643946,18.18910697095975,50.9058461682378,1013.7085845681995,14.236661666246288,1.5785144344750042,258,9,14
2024-09-15 12:01:38.234824,4.9798942926207665,5.036605292366188,38.52108542673469,1024.5966476999085,9.761075826262855,0.004451398836142618,259,9,15
2024-09-16 12:01:38.234824,13.762640273426792,17.168849762485838,41.132040948882526,1014.9665891969719,11.357115388749202,3.0644114969520433,260,9,16
2024-09-17 12:01:38.234824,7.3072243733403255,13.461368627701406,41.26543611650918,1013.9602455824502,6.81281941555936,0.5647749272183766,261,9,17
2024-09-18 12:01:38.234824,2.6867117330224835,7.280620960936498,47.89393342860715,1011.4544176789875,11.284921291622945,0.881496508219185,262,9,18
2024-09-19 12:01:38.234824,1.8733924747035502,7.615684221446168,39.52426315573993,1013.6677045239114,9.438567204986354,0.1745088792524603,263,9,19
2024-09-20 12:01:38.234824,6.361347276842675,10.153376903411035,41.39584844652639,1012.2376508180973,12.95718998703959,0.007209364869005761,264,9,20
2024-09-21 12:01:38.234824,4.071427241751124,9.244606816696924,43.04614957837247,1016.5405433834429,13.562158154694254,0.6694564392173502,265,9,21
2024-09-22 12:01:38.234824,6.711779152230973,11.400424681446813,40.951563313737196,1017.7835115839729,17.76869092605584,0.8983194682467004,266,9,22
2024-09-23 12:01:38.234824,5.817580100062706,13.15314422338232,37.804121237810186,1009.0700526974603,11.738899519640727,0.674453301774047,267,9,23
2024-09-24 12:01:38.234824,4.007648469694754,9.51649015629718,41.030426565991235,1006.3438352322111,10.9773889497465,0.07707134085511085,268,9,24
2024-09-25 12:01:38.234824,1.5142513476227961,7.1894566717732005,45.45773130100936,1003.8189731344835,10.583152904732009,0.700050461802127,269,9,25
2024-09-26 12:01:38.234824,-0.6611317452745342,3.515114322480531,34.99249189422113,1015.5399566345627,8.940501121567936,0.7325016738640082,270,9,26
2024-09-27 12:01:38.234824,2.3729733692731303,6.397760921128143,40.831301972748584,1007.4831669691306,11.015451530385073,0.5372631236659405,271,9,27
2024-09-28 12:01:38.234824,6.111204413771673,10.246088038132433,36.71311184589681,1002.2355470352376,9.11379576958291,0.7264648628462066,272,9,28
2024-09-29 12:01:38.234824,4.014211103005447,9.803115387762041,46.24207448679107,1014.9428930226549,10.505382928808842,0.9351463373394024,273,9,29
2024-09-30 12:01:38.234824,-0.534882193391581,3.6231488449678926,32.70987960060893,1025.464997587164,13.952792606823879,0.4754464121564652,274,9,30
2024-10-01 12:01:38.234824,3.552813879617788,9.132363593410613,37.59600755640941,1012.9696454423006,6.980372304161077,0.04638928619745787,275,10,1
2024-10-02 12:01:38.234824,4.020742984788551,13.171544582079429,42.34728951977897,1017.1924538722582,13.419635683387137,0.3343519918938111,276,10,2
2024-10-03 12:01:38.234824,0.045370989090481206,6.787620395953866,48.365253401506465,1013.4091467927378,13.951345202019596,0.040414898287162666,277,10,3
2024-10-04 12:01:38.234824,2.9909535130272307,7.3389064486915485,40.291052180146934,1012.5055517340443,9.645794419026764,0.2617385174126676,278,10,4
2024-10-05 12:01:38.234824,2.5379712280579314,9.940399072385821,37.93171885270914,1017.5953824149389,3.6344353029742162,0.26137023652531555,279,10,5
2024-10-06 12:01:38.234824,-1.2312176454840253,2.952631608472872,50.20713155400806,1011.5486272790567,8.176534038716703,0.03414469028677538,280,10,6
2024-10-07 12:01:38.234824,3.106233888309949,4.029984817954242,33.660595400813676,1014.3369615703596,13.890983639683327,0.21448499864969034,281,10,7
2024-10-08 12:01:38.234824,3.5512831697464406,6.535110547911632,30.011613361070957,1014.6084890309801,9.931395813103354,0.058827952439036255,282,10,8
2024-10-09 12:01:38.234824,4.955068907280533,6.213485065228823,43.316322073582676,1009.6595477317848,7.0020933031152675,0.8257428550377401,283,10,9
2024-10-10 12:01:38.234824,4.70528302939738,9.002256061314762,38.72218104341966,1017.9602117476826,8.485675236315348,1.4752649925309993,284,10,10
2024-10-11 12:01:38.234824,-2.7501454111689423,2.2866913472101613,36.24805165085616,1012.125201216523,12.521860079513658,0.037532316866227884,285,10,11
2024-10-12 12:01:38.234824,-1.590554771785015,6.76231985276555,45.02328669261977,1009.2212742025358,11.640200704604137,1.5518281170343429,286,10,12
2024-10-13 12:01:38.234824,2.6092030350613147,8.26305778258964,42.833284174483786,1015.682549217852,9.283203702490917,0.36967577469438057,287,10,13
2024-10-14 12:01:38.234824,2.4477982645804155,7.009597206962686,38.93211168690181,1008.5076600910448,8.899526764555937,0.17802733813930102,288,10,14
2024-10-15 12:01:38.234824,2.2951396592226088,8.953950821589586,35.49461420881757,1013.1409057868457,8.824725552868534,0.03998831236978604,289,10,15
2024-10-16 12:01:38.234824,12.15300662845922,12.73073601044345,46.40741877071604,1012.954405016779,7.232769446504492,0.3471982483856968,290,10,16
2024-10-17 12:01:38.234824,2.1536045969949154,7.624833713212047,45.45045436109977,1018.4294778291579,14.846127068408325,0.7911924450988089,291,10,17
2024-10-18 12:01:38.234824,3.695101843803161,10.236832231577095,41.86316018198602,1015.3734911643998,9.03303859236598,0.6139389288918249,292,10,18
2024-10-19 12:01:38.234824,2.999278219392709,5.042105727833025,51.75704290801671,1012.8748652062743,13.65147556247649,0.02576561474802323,293,10,19
2024-10-20 12:01:38.234824,1.941755619459643,9.229263705873501,37.34343108110511,1017.0888314960015,14.563948155767354,0.03784791202912624,294,10,20
2024-10-21 12:01:38.234824,-1.1064316440795599,4.570561170909269,35.241354227356226,1019.9510377450865,12.99493269444388,0.25781296560804384,295,10,21
2024-10-22 12:01:38.234824,1.9696071798604704,6.1390313520588675,39.58964119273715,1015.7890515317594,8.705139061845856,0.1749848046900245,296,10,22
2024-10-23 12:01:38.234824,-2.7708800290192226,3.4946837031933473,43.00647581386703,1013.0517630992169,11.211190271009828,0.13223304586627976,297,10,23
2024-10-24 12:01:38.234824,-1.306348444321789,8.235037271287002,44.64129550312338,1006.4408188382492,9.927413180827251,0.1649500892277558,298,10,24
2024-10-25 12:01:38.234824,-2.193813322530554,3.1699191875864363,42.41352197735675,1007.6744316846232,7.288894417809615,0.813502515578358,299,10,25
2024-10-26 12:01:38.234824,-0.6322301047657588,4.864211067834914,45.57993709507252,1011.4738764782267,10.97307784516481,1.324146297271714,300,10,26
2024-10-27 12:01:38.234824,5.9277350677713025,10.009013268690813,37.76671542132048,1009.9524389892035,6.462880626520592,0.2596832420887668,301,10,27
2024-10-28 12:01:38.234824,-6.754641577408518,-3.454330316338101,51.45272190375579,1012.0651434850728,13.563038165384691,1.1828210341214451,302,10,28
2024-10-29 12:01:38.234824,0.7711524251651984,7.431824058253689,44.03730116856462,1013.2832496244855,8.60614810810482,0.19393223202862478,303,10,29
2024-10-30 12:01:38.234824,-6.258694745934587,-2.9708623977523216,50.25330277193745,1015.6484637717837,10.603478967618518,0.3235489429947621,304,10,30
2024-10-31 12:01:38.234824,-2.9673591694591512,2.1757733049796335,46.60376045043491,1012.6475061097045,10.849863614638426,0.1281104354863943,305,10,31
2024-11-01 12:01:38.234824,1.586213148766766,5.6308982552365325,47.401687298341706,1015.432508219131,9.223285078887768,0.5114872309857723,306,11,1
2024-11-02 12:01:38.234824,-1.6148940374837712,4.343065614009013,48.19895496888944,1013.3223720740506,11.760081404425824,1.9311669839881611,307,11,2
2024-11-03 12:01:38.234824,-5.16604660265769,0.5012776079162069,47.82519980900935,1003.1226671682307,8.575289030132426,0.462530912905048,308,11,3
2024-11-04 12:01:38.234824,-4.201747228851679,2.8733326596641193,49.04108023404852,1008.3033230309062,12.613891892371733,0.22143871430334208,309,11,4
2024-11-05 12:01:38.234824,-0.13797588995558963,3.8419913123349168,52.71823813872471,1012.2795622213919,5.962060959259754,0.5218028092377419,310,11,5
2024-11-06 12:01:38.234824,-4.486675436016284,-0.026425306603026888,47.304217416015135,1006.9515262857944,10.379138738639236,0.06557892212615533,311,11,6
2024-11-07 12:01:38.234824,-1.7628443397400293,1.279628228695356,50.11981963659192,1015.9996436499811,15.816786997174855,1.0975792178331532,312,11,7
2024-11-08 12:01:38.234824,-2.389952755608639,1.721460724239138,46.383289834602884,1020.6537541617184,6.999006026183276,0.3496670911016173,313,11,8
2024-11-09 12:01:38.234824,-4.593687170722875,1.1609138153668295,54.29362381265635,1019.0938092584865,7.966765088425445,0.2983277059530509,314,11,9
2024-11-10 12:01:38.234824,3.6829918543055715,10.196969087596276,43.975970265956676,1011.932785645349,11.541723548976744,0.4407813802699802,315,11,10
2024-11-11 12:01:38.234824,-0.954741483833105,2.200927867811644,56.631274099303994,1020.4536306842498,10.538745345818795,0.4901265265759135,316,11,11
2024-11-12 12:01:38.234824,-9.037256397798975,-2.298044557587655,47.69808885380129,1013.7433372860105,11.051890297820677,0.03724099362783249,317,11,12
2024-11-13 12:01:38.234824,-2.505436518901164,5.205839198708738,41.020895592138196,1011.3145701444098,11.46756139044299,0.57382336476219,318,11,13
2024-11-14 12:01:38.234824,-5.15073990876432,0.6761298976830813,49.094689743519396,1009.9329866822953,11.904164405685309,0.13849088294575523,319,11,14
2024-11-15 12:01:38.234824,-0.7062419828504223,8.04734964226571,45.331727227127224,1011.4876515675594,13.32909952586867,0.6257989306347668,320,11,15
2024-11-16 12:01:38.234824,-5.736817009484467,-2.284395407691613,53.22635857924923,1011.0591159072939,11.229455970785537,0.8644903569908595,321,11,16
2024-11-17 12:01:38.234824,-3.7966998979313256,-1.2860093045541596,46.04942893786846,1013.8520811118774,9.276227036144373,0.8147144729977397,322,11,17
2024-11-18 12:01:38.234824,-2.0282598605568967,-0.5857003583654539,47.37420659081578,1013.8028699052493,12.017721103608194,0.40204045153745127,323,11,18
2024-11-19 12:01:38.234824,-1.034155697988747,6.957932924989619,40.45307525084193,1013.0152301007671,15.699645804685646,0.3671615900233151,324,11,19
2024-11-20 12:01:38.234824,-7.317952408260545,-1.00922109555243,47.93789507517343,1015.1846908487317,9.602098760852279,0.07708631748212545,325,11,20
2024-11-21 12:01:38.234824,-4.803625747258198,0.08520491092089207,38.3815819255142,1018.9532313739317,7.076412085988076,0.7465972538187141,326,11,21
2024-11-22 12:01:38.234824,-5.305409159777798,0.2545280928618424,42.88583109352929,1017.7477706772066,13.321242007860919,0.15832163455430326,327,11,22
2024-11-23 12:01:38.234824,-5.918380605070224,-3.169358699666977,54.91450971862922,1005.5755101577505,9.638856508139206,0.3432798854498613,328,11,23
2024-11-24 12:01:38.234824,1.262804697596449,11.154308656830102,55.35116203500448,1000.2303943254902,3.481991361957892,0.16722899833187105,329,11,24
2024-11-25 12:01:38.234824,-2.891101168059296,2.367341195891159,53.861715653266735,1017.6715995561964,12.542265031451265,0.07183609745364809,330,11,25
2024-11-26 12:01:38.234824,-7.95848812359907,-2.7396985343892837,47.2142629987028,1006.1656065079229,8.394015442138231,0.4965287867379612,331,11,26
2024-11-27 12:01:38.234824,-1.489321380766603,4.962211867030781,52.12765881395691,1011.8761729905366,9.728400153087518,0.027931879862958184,332,11,27
2024-11-28 12:01:38.234824,2.059229280658106,8.021247744131532,52.667536834601776,1007.1494348697032,10.995940991707045,0.6904449639590402,333,11,28
2024-11-29 12:01:38.234824,-1.2714176813008722,4.176350367257391,47.21522744901271,1003.9900978120999,10.5714990393372,0.19105996627694827,334,11,29
2024-11-30 12:01:38.234824,-8.985721331766246,-5.56667024265687,60.84761593047201,1015.7073136410239,12.128355451417118,6.735103820133686e-05,335,11,30
2024-12-01 12:01:38.234824,-5.936318018720467,0.0066186955515245005,58.04298568109622,1016.7957758015133,8.69354088829047,0.3578284564022226,336,12,1
2024-12-02 12:01:38.234824,-0.7360765187445866,8.02797247420548,52.87878297813832,1010.1174479963664,11.539317394528249,0.02399249618062609,337,12,2
2024-12-03 12:01:38.234824,-6.7101865667293055,0.9806535255806499,54.44724544935258,1000.0447885392755,9.22135996724825,0.16159905495488985,338,12,3
2024-12-04 12:01:38.234824,-3.303247201202801,4.883126052075993,55.685627936494264,1010.2687777587375,12.21643144266251,0.6137512127966616,339,12,4
2024-12-05 12:01:38.234824,-2.355475669952631,1.6220929771849988,44.76752438018215,1014.9590200270127,11.84610245203916,0.03237040232941339,340,12,5
2024-12-06 12:01:38.234824,-7.501973381024861,-4.481183021542023,54.0742852959888,1005.6054421561294,7.193683893866214,0.9142277821073932,341,12,6
2024-12-07 12:01:38.234824,-4.938681574509083,-0.19025541470837914,52.23561415208036,1013.9167995988958,13.257946348525097,0.0019136185981980284,342,12,7
2024-12-08 12:01:38.234824,-14.519938936662118,-9.408489112084728,50.97408884791272,1012.923450754135,8.392109664657855,0.14172808654574776,343,12,8
2024-12-09 12:01:38.234824,-7.902428443802692,-0.7140454068607949,54.91453150241661,1015.8964574980055,12.424173394843436,0.6752784231555521,344,12,9
2024-12-10 12:01:38.234824,-5.617185953817784,-4.002115213247423,65.64740012420522,1013.5979018420708,11.101861940204023,0.19009619755987486,345,12,10
2024-12-11 12:01:38.234824,-8.63012544821795,-0.5710248092967221,60.20310633944197,1008.1346552955922,15.514551030385368,0.053732691371896756,346,12,11
2024-12-12 12:01:38.234824,-0.013906728139639668,4.670077474702381,54.483810920402085,1018.9828575083225,9.329602052884443,0.223326333782404,347,12,12
2024-12-13 12:01:38.234824,-9.222992626556042,-5.0767547664508825,60.544221914870775,1012.2073521348651,8.952049611645407,0.15762481924437802,348,12,13
2024-12-14 12:01:38.234824,-6.2711865710979255,-3.2953953216182605,65.02037440827257,1012.8634773024503,9.941741182336802,0.9248380685685146,349,12,14
2024-12-15 12:01:38.234824,-4.574367285683427,-2.8840806294149655,62.989640507955386,1008.333660204634,9.090460651497175,0.18796377264691988,350,12,15
2024-12-16 12:01:38.234824,-0.6553517414555747,5.990989426468254,59.007982860614526,1010.7835887440425,12.39982570582615,0.7777885788656753,351,12,16
2024-12-17 12:01:38.234824,-9.296383609388654,-4.149747675011846,55.81888834502349,1008.5759864298655,5.151068174690236,1.1122204538520142,352,12,17
2024-12-18 12:01:38.234824,-1.5059715504086935,0.9141066501091988,62.888710471129784,1012.1352697003829,6.838952742560938,0.28441933627164817,353,12,18
2024-12-19 12:01:38.234824,-4.968467403488617,-2.5586249476158494,61.709221005608555,1021.5585424007118,6.7965912352624205,1.2036570365805983,354,12,19
2024-12-20 12:01:38.234824,-7.944433350505754,-3.616002749086011,64.56203686606354,1006.1404942853433,12.850922775920727,0.23685970527975803,355,12,20
2024-12-21 12:01:38.234824,-3.611374597009096,4.72666845356969,63.60618095713427,1004.9321930106163,15.131840117745776,1.663208476084358,356,12,21
2024-12-22 12:01:38.234824,-4.395321025676425,0.08549627159636586,66.02220919444017,1020.355851637468,9.686652344387586,0.046765120906180756,357,12,22
2024-12-23 12:01:38.234824,-6.785004843032026,-4.791290749268239,58.44216374420922,1011.9533816142407,9.493534830429969,0.5808068223299941,358,12,23
2024-12-24 12:01:38.234824,-4.763843476111498,-0.2553296042833869,68.04887292613317,1009.6546363067005,10.210156489339544,0.3404255841155766,359,12,24
2024-12-25 12:01:38.234824,-6.1151307520570715,-1.6605778915524123,62.79303022408281,1018.1995234369804,13.485634907824572,0.24522465688125655,360,12,25
2024-12-26 12:01:38.234824,-4.6016270331857765,-4.99540031906892,72.52393129640957,1009.9719223013157,7.217940597428278,0.5008043337026639,361,12,26
2024-12-27 12:01:38.234824,-2.9358300706161833,1.9555801963481922,59.04364618728793,1022.1300485677347,10.715106948204355,0.6084565713175621,362,12,27
2024-12-28 12:01:38.234824,-0.14127450243747486,4.3968564371451695,71.51062492016712,1016.3896293566963,12.92559288934729,0.0021864082458732063,363,12,28
2024-12-29 12:01:38.234824,-8.586940920420412,-2.1945281907935756,64.16074161937591,1010.5604429592715,11.503282509819536,0.0913326611856045,364,12,29
2024-12-30 12:01:38.234824,1.5543619564478774,10.252274146338568,60.253539790356314,1023.7865410663276,10.56874484979623,0.6242167656343331,365,12,30
2024-12-31 12:01:38.234824,-10.6693281012836,-3.4161980421880855,61.429602469144974,1009.9714253849833,13.003138277701424,0.5488844425837361,366,12,31
2025-01-01 12:01:38.234824,-5.23383870016332,-0.7716160812729809,62.58455637828936,1016.7104768600466,1.8903031210022885,1.6913964705202706,1,1,1
2025-01-02 12:01:38.234824,-2.9760529322704765,-0.1891047497538172,66.64314344217534,1014.4964629020325,12.033625958592722,0.7157249288783702,2,1,2
2025-01-03 12:01:38.234824,-3.8576636153099737,6.289055991189747,67.4711718820962,1019.508706446994,8.037772950617729,1.5056535441884396,3,1,3
2025-01-04 12:01:38.234824,-6.525497936010332,-1.4070610679813556,62.32173592170309,1020.8075559836343,4.5081013094306295,0.6062386014385437,4,1,4
2025-01-05 12:01:38.234824,-5.235664589794835,-0.20780600596894266,65.40016650064445,1013.1600207453288,11.533607798574941,0.17694812450163241,5,1,5
2025-01-06 12:01:38.234824,-6.0413510698955575,-1.089601244115564,76.56335850572628,1009.2329106482691,14.120975635488874,0.05566968910601795,6,1,6
2025-01-07 12:01:38.234824,-6.278659433784171,-0.8824899122484606,74.8180557380025,1015.2998607146956,9.587654456116924,0.7612262880572404,7,1,7
2025-01-08 12:01:38.234824,-1.9071575832083534,2.8041215929437615,68.68846004260976,1009.6114231512395,12.858623641608816,0.5166218987260125,8,1,8
2025-01-09 12:01:38.234824,-3.327514121523815,0.5251618647157126,67.0214327741981,1023.0669362376332,14.836834773965936,0.024692827225770996,9,1,9
2025-01-10 12:01:38.234824,-6.417101074011217,-2.5108189564920016,67.7541214102538,1013.6826766554137,13.944743360752142,0.22318297935387854,10,1,10
2025-01-11 12:01:38.234824,-1.5766172094922166,3.357876250075787,70.54198415946145,1011.1733922434395,14.919893588114178,1.5709552562720572,11,1,11
2025-01-12 12:01:38.234824,-3.2878143145365186,0.6253361431959514,62.67864616462372,1013.9234015293246,12.226382473215676,0.3469748969941752,12,1,12
2025-01-13 12:01:38.234824,-1.702693525336461,1.8716149093092103,66.8216318800832,1006.2643685523515,10.226300916704778,0.2834591875362745,13,1,13
2025-01-14 12:01:38.234824,-2.181251602255524,3.0316088531282697,60.07909704653384,1008.1419298074468,5.194102564308494,0.30596759852499944,14,1,14
2025-01-15 12:01:38.234824,-6.483293729288656,-1.9932481641303665,70.72914025214764,1019.0020695397221,9.261812535610154,0.1171545296262979,15,1,15
2025-01-16 12:01:38.234824,-5.600356585186396,2.4076293919789813,72.27742377715978,1009.715528605143,7.470260214051425,0.22999272627958509,16,1,16
2025-01-17 12:01:38.234824,-1.5987942840638518,-1.9007339008498758,66.93125203166316,1007.7654450865903,16.51282815249344,0.2308695422260187,17,1,17
2025-01-18 12:01:38.234824,-1.9278062551420383,5.255207448702885,77.52008865167451,1015.6832637626364,9.47234256270299,0.026887670368048906,18,1,18
2025-01-19 12:01:38.234824,-3.7372683291884154,3.7549020558068427,63.8214374631319,1018.928520773315,10.369614420353457,0.7295779858065249,19,1,19
2025-01-20 12:01:38.234824,-3.235657432831689,-2.382437897647988,62.92555384151936,1016.5947665533254,11.654456128121403,0.2693592113318849,20,1,20
2025-01-21 12:01:38.234824,0.33482377208999337,4.6494485839292965,71.66381326564729,1017.9802384290291,10.13080733911736,0.863491419891449,21,1,21
2025-01-22 12:01:38.234824,-5.180898222852273,-0.9237799548438556,76.06804792618038,1009.2160245571527,15.085153121292258,0.9497213438694286,22,1,22
2025-01-23 12:01:38.234824,-1.670414120147971,0.5145624904163868,79.53998719043021,1005.8909466662908,8.132051914796644,0.11912482217703124,23,1,23
2025-01-24 12:01:38.234824,-3.8213434903258277,-0.37697686550757825,69.11042453949104,1020.5066682597775,10.583822365711729,0.5355279617356548,24,1,24
2025-01-25 12:01:38.234824,-3.7684341997552773,-0.9895858906869348,77.07936763972383,1011.3866008057893,7.772588242905855,0.3195964288803716,25,1,25
2025-01-26 12:01:38.234824,0.2827196742148006,8.787260561062046,71.77107594061478,1011.7458349177248,6.039932466337882,1.06078526965118,26,1,26
2025-01-27 12:01:38.234824,-0.43320752060368495,6.438149265691237,71.37459152567038,1019.6409707092453,8.164692727284145,0.12150777348314862,27,1,27
2025-01-28 12:01:38.234824,-0.36242960270584534,7.180680587282472,76.92651114713827,1015.7811500470033,9.888889608854765,0.5663118891917224,28,1,28
2025-01-29 12:01:38.234824,1.222288152623606,7.665632280710076,76.03660283309763,1015.279438860408,8.71209332644822,0.46793064892154507,29,1,29
2025-01-30 12:01:38.234824,-2.520046559887354,0.22184989767818752,65.15601913265299,1023.8250117245054,7.922737060378433,0.1749925976950795,30,1,30
2025-01-31 12:01:38.234824,-0.4238619630806659,3.5270975043597863,80.67980970791518,1009.7824088480993,5.781047608984498,0.07343912124034377,31,1,31
2025-02-01 12:01:38.234824,-3.2849704994202265,2.6937786230356098,80.45275255167104,1017.6392006404062,9.750683282113915,0.5272590817927142,32,2,1
2025-02-02 12:01:38.234824,-1.263941325493803,1.2918030567223062,70.67565425731178,1013.2850656244855,5.4858388779069935,0.6708468768927355,33,2,2
2025-02-03 12:01:38.234824,-2.5069953859208036,3.9190014744239727,76.02956715057019,1014.3429613943163,12.280167891068807,0.18962634533008838,34,2,3
2025-02-04 12:01:38.234824,-1.7035953755383235,2.8157538281454064,76.76361865227291,1020.6423421320627,10.24731925880351,0.5175830313402491,35,2,4
2025-02-05 12:01:38.234824,-0.08505659592593351,4.165301788974872,75.83551932449083,1015.5391787814481,5.627345501605208,0.2513716102906837,36,2,5
2025-02-06 12:01:38.234824,-4.199098238029874,2.2228216983771087,72.01500131083503,1015.6914803952482,9.07237276885041,0.6244970854163753,37,2,6
2025-02-07 12:01:38.234824,4.66081564463359,10.54934226760567,71.63841118440111,1018.362536686549,7.74353078322825,0.1110815628530355,38,2,7
2025-02-08 12:01:38.234824,-4.504347754848924,-0.22628008648708375,75.09431481825827,1011.1752363522855,10.957523531257541,1.1046156976364958,39,2,8
2025-02-09 12:01:38.234824,-4.996888847264971,2.321770759463525,81.30677678628011,1008.8039516633049,14.021351338069433,0.16942424636730938,40,2,9
2025-02-10 12:01:38.234824,2.253865136091523,5.0917384808917285,78.37760284651341,1007.7759540298948,4.374482591062766,0.22926365759416947,41,2,10
2025-02-11 12:01:38.234824,1.2902193807375442,7.522090594626071,74.01836051861241,1003.16821705312,10.345078237442252,0.029923811421853044,42,2,11
2025-02-12 12:01:38.234824,0.9250925815488253,7.111295097485593,79.93705278989815,1023.2810356497016,9.519601613300079,0.05911718817835568,43,2,12
2025-02-13 12:01:38.234824,1.0770337932548268,5.457940914626847,62.03820876701397,1007.4839581713916,12.014020229351397,0.36269254399420303,44,2,13
2025-02-14 12:01:38.234824,-0.7037578814519215,4.948508163032314,82.2222886170116,1011.8937318820712,10.639589884713068,0.1557092336128623,45,2,14
2025-02-15 12:01:38.234824,-3.2161162461336974,-0.7183433989043033,67.97254654288089,1011.6159335005553,7.744092004783543,0.9023622538735031,46,2,15
2025-02-16 12:01:38.234824,-0.15263804080182086,6.695415997611981,75.04662604007999,1014.5370334890455,9.042838193000145,0.007401202847220853,47,2,16
2025-02-17 12:01:38.234824,-2.2656412081918456,2.3645545189221764,71.44320094889545,1017.0786860626965,7.611922429589533,0.23828782782735358,48,2,17
2025-02-18 12:01:38.234824,2.8386497617322046,6.793203720694126,70.74581293917535,1017.3023674417988,13.228021415795794,0.2057508056708215,49,2,18
2025-02-19 12:01:38.234824,-0.37892764610618934,6.719090805567589,83.19592172382481,1010.0846128071553,10.063934946015827,0.009758425834938557,50,2,19
2025-02-20 12:01:38.234824,-2.2638299915354256,1.3274826273790559,75.2206956874583,1012.164391431068,15.703572057259022,0.06640491165229435,51,2,20
2025-02-21 12:01:38.234824,-0.5996602339874925,1.5834171732853881,79.45393183933633,1014.4128997524415,9.818017558556138,0.26691295273787274,52,2,21
2025-02-22 12:01:38.234824,1.7565009454227587,3.6432425983749512,77.64376903598921,1011.7565443690822,7.874779699268611,0.339488609616996,53,2,22
2025-02-23 12:01:38.234824,-1.0189295839162407,5.193090318775038,80.41523781875328,1021.0367278801,5.458856822161518,0.25900044161986097,54,2,23
2025-02-24 12:01:38.234824,-1.6385972128224644,0.8005440821849694,78.56046220209133,1015.4548747581913,4.590580971232165,0.3785098187566613,55,2,24
2025-02-25 12:01:38.234824,1.716181742416,10.22577010638473,71.90232464440288,1016.674388930249,5.2475921709835305,0.4520966939817584,56,2,25
2025-02-26 12:01:38.234824,1.8782656508900937,2.7144068351226496,83.43412507404545,1016.314406343337,10.80137995303445,0.004986695229076359,57,2,26
2025-02-27 12:01:38.234824,-0.2180749550201293,8.174837781559948,76.11404531225692,1018.8673692874266,11.5261750696898,0.31189933498330946,58,2,27
2025-02-28 12:01:38.234824,0.0501238613813102,5.472158795786547,70.9244494929642,1013.9051077935185,5.2564278939035995,1.655211110504819,59,2,28
2025-03-01 12:01:38.234824,2.320920816131774,7.127494592390989,76.68577054542737,1006.5158402602208,12.685114942228346,0.3659775607924128,60,3,1
2025-03-02 12:01:38.234824,-2.5569496414156236,1.3532121849664769,86.44355401469306,1014.9984397587632,8.550816844949681,0.5658916066119483,61,3,2
2025-03-03 12:01:38.234824,-2.271603569692559,3.5266686590115826,83.29866022517541,1009.7432155310408,10.440379035956648,0.18688428984494018,62,3,3
2025-03-04 12:01:38.234824,-0.04015699256340621,4.884573602586897,77.40644309506148,1010.3569165912512,14.836661884766272,0.7435910653354988,63,3,4
2025-03-05 12:01:38.234824,1.6400769695233974,8.84668073355644,77.49989302749081,1015.9318200937755,12.690517947596597,0.74122971324484,64,3,5
2025-03-06 12:01:38.234824,3.3791897456321416,8.60764504295622,77.72878101601864,1019.1914153571681,9.194408056282503,0.3683364631013783,65,3,6
2025-03-07 12:01:38.234824,7.039340990789148,12.339944513712902,89.80574095546321,1013.1063578836803,7.326423323754138,1.8651387922679223,66,3,7
2025-03-08 12:01:38.234824,5.3537637395644,9.626539315136688,81.41096790630166,1014.5441650629948,3.544553796012085,0.06708020364218745,67,3,8
2025-03-09 12:01:38.234824,2.4691394114235172,7.355248163981383,81.72500983529365,1021.5110747231762,7.84254004227274,0.0085464600292336,68,3,9
2025-03-10 12:01:38.234824,3.0606842778594854,8.676287815643603,84.79392938751923,1014.2037658974428,9.366609283516917,0.7351820419798913,69,3,10
2025-03-11 12:01:38.234824,0.2794804642717956,1.8591436789585445,80.89834793025378,1026.008415570902,7.038461418546448,0.8229356540329731,70,3,11
2025-03-12 12:01:38.234824,3.4013723853800113,5.705001541168585,78.46524258417044,1015.8275482281578,9.606229098723086,0.06403444343923533,71,3,12
2025-03-13 12:01:38.234824,2.7612363621069336,9.247764550152363,78.82889979721956,1004.1961862042209,10.230555648876305,0.15433903217401743,72,3,13
2025-03-14 12:01:38.234824,4.766075232020732,10.107806108276616,79.49696815208449,1016.7667081055226,9.325432054575764,0.008854116353232501,73,3,14
2025-03-15 12:01:38.234824,1.4872901948686765,6.119323522163318,79.7073052156812,1014.9057919244138,8.04999225752962,0.1735806079258283,74,3,15
2025-03-16 12:01:38.234824,5.698391555349049,10.735259421479835,83.56411121687705,1019.4487637704137,10.505964015900183,0.741715226064056,75,3,16
2025-03-17 12:01:38.234824,8.910192470984526,14.605355881707869,80.21233553516821,1016.3659067563498,11.325821948708228,0.364864637786035,76,3,17
2025-03-18 12:01:38.234824,4.1575228823968855,8.078003521778163,83.6365367118474,1012.3077200800811,6.728802767671462,0.2139286715466708,77,3,18
2025-03-19 12:01:38.234824,5.8609190500693575,9.304309599264732,79.58456511425118,1006.8785088185532,14.23279713923881,0.2324000315796827,78,3,19
2025-03-20 12:01:38.234824,6.898298413574985,12.289988923770348,80.39021273576279,1011.9548837135699,9.704235603147215,0.0006772713471739074,79,3,20
2025-03-21 12:01:38.234824,3.7963385843424886,6.839593029112425,70.00899657733946,1008.7473977289535,10.056548868834543,0.17819501195560353,80,3,21
